<?xml version="1.0" encoding="UTF-8" standalone="yes"?>
<addon id="plugin.video.polbox.tv"
       name="PolBox.TV"
       version="1.1.3"
       provider-name="PolBox">
  <requires>
    <import addon="xbmc.python" version="2.1.0"/>
  </requires>
  <extension point="xbmc.python.pluginsource"
             provides="video"
             library="default.py">
    <provides>video</provides>
  </extension>
  <extension point="xbmc.addon.metadata">
    <summary>Polska telewizja za granicą PolBox.TV</summary>
    <description>Ponad 100 polskich kanałów oraz Wideoteka filmowa.</description>
    <platform>all</platform>
  </extension>
</addon>
